RUN,Nombre,Apellido P,telefono,email personal,email  institucional,DEDICACIÓN,CONTRATO,DIURNO,VESPERTINO,SEDE,CARRERA,GRADO ACADÉMICO,JERARQUÍA ,CARGO,ESTAMENTO
,,,,,,10.0,HONORARIO,,vespertino,,,0,,,Académico
,,,,,,40.0,FULL TIME,diurno,,,,MAGISTER,,Director (a) Centro de Sol. Colab.de C,Académico
19156759,,,,,,40.0,FULL TIME,,,,,,,Secretaria (o),Administrativo
,,,,,,,HONORARIO,diurno,,,,MAGISTER,ASISTENTE DOCENTE,,
,,,,,,40.0,FULL TIME,,,,,PROFESOR TITULARREGULAR,,Académico Investigador,Académico
,,,,,,40.0,FULL TIME,diurno,,,,MAGISTER,ASISTENTE DOCENTE,,Académico
,,,,,,40.0,FULL TIME,diurno,vespertino,,,MAGISTER,PROFESOR ASOCIADO DOCENTE,,Académico
,,,,,,10.0,HONORARIO,diurno,,,,LICENCIATURA,PROFESOR TITULAR DOCENTE,,Académico
,,,,,,20.0,FULL TIME,diurno,,,,MAGISTER,,,Académico
,,,,,,,HONORARIO,,,,,,ASISTENTE REGULAR,,
15059751,Rufus,Scrimgeour,456789022,rufus.scrimgeour.devia@coldmail.com,rufus.scrimgeour.devia@lamejor.com,,HONORARIO,diurno,,HOGWARTS,MAGIA,LICENCIATURA,TITULAR REGULAR,,
,,,,,,,HONORARIO,diurno,,,,DOCTORA,ASOCIADA DOCENTE,,
,,,,,,10.0,HONORARIO,,vespertino,,,MAGISTER,SIN JERARQUIZAR,,Académico
,,,,,,10.0,HONORARIO,diurno,vespertino,,,MAGISTER,PROFESOR ASOCIADO DOCENTE,,Académico
,,,,,,,HONORARIO,diurno,,,,LICENCIATURA,INSTRUCTOR DOCENTE,,
,,,,,,,HONORARIO,diurno,,,,MAGISTER,PROFESOR ASISTENTE DOCENTE,,Académico
,,,,,,,HONORARIO,diurno,,,,MAGISTER,INSTRUCTOR DOCENTE,,
21423313,Séptima,Vector,789012355,septima.vector@yeeha.com,septima.vector@lamejor.com,,FULL TIME,diurno,vespertino,HOGWARTS,MAGIA,DOCTOR,ASISTENTE DOCENTE,Director (a) Formación Cont. y Postgra,
20082984,Vernon,Dursley,789012356,vernon.dursley.renard@yeeha.com,vernon.dursley.renard@lamejor.com,,HONORARIO,diurno,vespertino,HOGWARTS,MAGIA,MAGISTER,ASISTENTE DOCENTE,,
22035082,JK,Rowling,456789021,hkrowling@editorial.edito,hkrowling@lamejor.com,,FULL TIME,diurno,vespertino,HOGWARTS,MAGIA,,ASOCIADO DOCENTE,Profesor por Jornada,
17241044,Voldemort,SeñorOscuro,234567902,voldemort.senoroscuros.elinnombrable@gmall.com,voldemort.senoroscuros.elinnombrable@lamejor.com,-1.0,FULL TIME,diurno,,HOGWARTS,MAGIA,MAGISTER,ASOCIADO REGULAR,Profesor por Jornada,
19457329,Fleur,Delacour,678901238,fleur.delacour.diaz@gmall.com,fleur.delacour.diaz@lamejor.com,,FULL TIME,diurno,vespertino,BEAUXBATON,,LICENCIATURA,INSTRUCTORA DOCENTE,Secretaria Estudios,
,,,,,,20.0,,,,,,,,Administrativo,Administrativo
,,,,,,40.0,,,,,,,,Técnico Contable,Administrativo
,,,,,,,HONORARIO,diurno,,,,LICENCIATURA,INSTRUCTOR DOCENTE,,
23677609,Daphne,Greengrass,345678904,daphne.greengrass@michea.com,daphne.greengrass@lamejor,,HONORARIO,diurno,,BEAUXBATON,,MAGISTER,INSTRUCTOR DOCENTE,,
15089005,Bellatrix,Lestrange,234567892,bellatrix.lestrange.beltran@gmall.com,bellatrix.lestrange.beltran@lamejor.com,,HONORARIO,diurno,,,,MAGISTER,TITULAR REGULAR,,
24017462,Steve, Kloves,,,,,,,,,,,,,
12684784-K,,,,,,40.0,,,,,,,,Secretario (a) de Dirección,Administrativo
,,,,,,,HONORARIO,,,,,,INSTRUCTOR DOCENTE,,
,,,,,,,HONORARIO,diurno,,,,MAGISTER ,INSTRUCTORA DOCENTE,,
,"araya MARIN,  OLGA sonia",,,,,40.0,,,,,,,,Asistente,Administrativo
19064170,Gilderoy,Lockhart,901234571,gilderoy.lockhart@yeeha.com,gilderoy.lockhart@lamejor.com,,HONORARIO,diurno,,BEAUXBATON,HECHICERÍA,DOCTOR ,ASISTENTE DOCENTE,,
,,,,,,,HONORARIO,diurno,,,,LICENCIATURA,ASISTENTE DOCENTE,,
,,,,,,40.0,FULL TIME,,,,,0,TITULAR DOCENTE,Académico Investigador,Académico
,,,,,,,HONORARIO,diurno,,,,MAGISTER,ASISTENTE DOCENTE,,
,,,,,,10.0,HONORARIO,diurno,,,,MAGISTER,INSTRUCTOR DOCENTE,,Académico
,,,,,,40.0,FULL TIME,diurno,,,,DOCTOR,ASOCIADA REGULAR,Académico Investigador,Académico
,,,,,,,HONORARIO,diurno,vespertino,,,MAGISTER,PROFESOR TITULAR DOCENTE,,Académico
,,,,,,,HONORARIO,,,,,,COMISIÓN SUPERIOR ASOCIADO REGULAR,,Académico
,,,,,,,HONORARIO,,vespertino,,,MAGISTER,ASISTENTE DOCENTE,,
,,,,,,40.0,HONORARIO,diurno,vespertino,,,MAGISTER,PROFESOR TITULAR DOCENTE,,Académico
,,,,,,,HONORARIO,diurno,,,,MAGISTER,SIN JERARQUIZAR,,
,,,,,,,planta,,,,,0,ASISTENTE REGULAR,Profesor por Jornada,
,,,,,,10.0,HONORARIO,,vespertino,,,LICENCIATURA,,,Académico
16789372,Ernie,Macmillan,345678905,ernie.macmillan@riquelme.com,ernie.macmillan@lamejor,,FULL TIME,diurno,,BEAUXBATON,HECHICERÍA,MAGISTER,ASOCIADO DOCENTE,Director(a) Carrera (i),
,,,,,,,JORNADA,diurno,vespertino,,,DOCTOR,TITULAR DOCENTE,Académico Investigador,
,,,,,,10.0,HONORARIO,,vespertino,,,LICENCIATURA,,,Académico
,,,,,,10.0,HONORARIO,diurno,vespertino,,,MAGISTER,,,Académico
,,,,,,20.0,FULL TIME,diurno,,,,MAGISTER,PROFESOR ASOCIADO DOCENTE,,Académico
,,,,,,,HONORARIO,diurno,,,,MAGISTER,,,Académico
,,,,,,10.0,HONORARIO,diurno,,,,MAGISTER,,,Académico
,,,,,,,HONORARIO,diurno,vespertino,,,MAGISTER,TITULAR DOCENTE,Profesor,
,,,,,,,HONORARIO,,diurno,,,LICENCIATURA,LICENCIATURA,,Académico
17043066,Minerva,McGonagall,,minerva.mcgonagall@gmall.com,minerva.mcgonagall@lamejor.com,,HONORARIO,diurno,,,,MAGISTER,ASISTENTE DOCENTE,,
,,,,,,10.0,HONORARIO,diurno,,,,MAGISTER,INSTRUCTOR DOCENTE,,Académico
9866866,Luna,Lovegood,456789019,luna.lovegood.diaz@yeeha.com,luna.lovegood.diaz@lamejor.com,,,diurno,,HOGWARTS,MAGIA,MAGISTER,INSTRUCTOR DOCENTE,,
22073090,Dennis,Creevey,,dennis.creevey.nash@gmall.com,dennis.creevey.nash@lamejor.com,,,,,,,MAGISTER,,,
7777777,EDUARDO SANTIAGO,BUSTOS,BAHAMONDE,eb@uc.cl,eb@lamejor.cl,80.0,,A VECES,TAMBIEN,HOGWARTS,,,BAJA,JUNIOR,administrativo
,,,,,,,HONORARIO,diurno,vespertino,,,MAGISTER,INSTRUCTOR DOCENTE,,
,,,,,,10.0,HONORARIO,diurno,,,,LICENCIATURA,TITULAR DOCENTE,,Académico
13689982,Remus,Lupin,789012354,remus.lupin@coldmail.com,remus.lupin@lamejor.com,,FULL TIME,diurno,vespertino,HOGWARTS,MAGIA,MAGISTER,ASOCIADO DOCENTE,Profesor por Jornada,
,,,,,,,HONORARIO,,,,,,ASOCIADO DOCENTE,,
,,,,,,10.0,HONORARIO,diurno,,,,MAGISTER,PROFESOR ASISTENTE DOCENTE,,Académico
8270690,Vincent,Crabbe,901234578,vincent.crabbe.piturra@gmall.com,vincent.crabbe.piturra@lamejor.com,,HONORARIO,,vespertino,HOGWARTS,MAGIA,MAGISTER,ASISTENTE DOCENTE,,
,,,,,,,HONORARIO,diurno,,,,MAGISTER,INSTRUCTOR DOCENTE,,
15647936,,,,,,,HONORARIO,,,,,MAGISTER,INSTRUCTOR DOCENTE,Profesor por Jornada,
,,,,,,,HONORARIO,diurno,,,,LICENCIATURA,TITULAR DOCENTE,,
7682646,Dudley,Dursley,234567894,dudley.dursley.plaza@coldmail.com,dudley.dursley.plaza@lamejor.com,,HONORARIO,,,BEAUXBATON,HECHICERÍA,MAGISTER,INSTRUCTOR DOCENTE,,
6666666,Voldemort,SeñorOscuro,567890123,voldemort.senoroscuros@elinnombrable.com,voldemort.senoroscuros.elinnombrable@lamejor.com,,GRATIS,diurno,,,, LICENCIATURA,,VACANTE,
,,,,,,,HONORARIO,,,,,MAGISTER,SIN JERARQUIZAR,,
,,,,,,10.0,HONORARIO,,,,,,,,Académico
,,,,,,,HONORARIO,diurno,vespertino,,,MAGISTER,ASOCIADO DOCENTE,,
,,,,,,,HONORARIO,diurno,,,,MAGISTER,ASOCIADO DOCENTE,,
9808360,Firenze,,,firenze@yeeha.com,firenze@lamejor.com,,,,,,,,,,
,,,,,,,JORNADA,diurno,,,,MAGISTER,ASOCIADO REGULAR,Académico Investigador,
,,,,,,10.0,HONORARIO,,vespertino,,,MAGISTER,ASISTENTE DOCENTE,,Académico
,,,,,,,JORNADA,,vespertino,,,DOCTOR,ASOCIADO DOCENTE,Director Inst. Investigación y Postgra,
,,,,,,,JORNADA,,,,,0,ASISTENTE DOCENTE,Profesor por Jornada,
,,,,,,40.0,FULL TIME,diurno,,,,LICENCIATURA,INSTRUCTOR DOCENTE,Director Clínica,Académico
,,,,,,40.0,FULL TIME,,,,,,,Encargado Servicios,Administrativo
19036378,Lee,Jordan,,lee.jordan.marin@yeeha.com,lee.jordan.marin@lamejor.com,,,,,,,,,,
,,,,,,,HONORARIO,,vespertino,,,0,SIN JERARQUIZAR,,
12114054,Justin,Finch-Fletchley,,justin.finch-fletchley@latorre.com,justin.finch-fletchley@@lamejor,,,,,,,,,,
,,,,,,20.0,FULL TIME,,,,,MAGISTER,SIN JERARQUIZAR,,Académico
,,,,,,,HONORARIO,diurno,,,,MAGISTER,INSTRUCTOR DOCENTE,,
21103479,Harry,Potter,,harry.potter.badilla@yeeha.com,harry.potter.badilla@lamejor.com,,,,,,,DOCTOR,,,
21673365,Irman.,Pince,,irma.pince@coldmail.com,irma.pince@lamejor.com,,,,,,,,,,
13827502,Remus,Lupin,678901243,remus.lupin.barrientos@yeeha.com,remus.lupin.barrientos@lamejor.com,,FULL TIME,diurno,,HOGWARTS,MAGIA,MAGISTER,TITULAR DOCENTE,Profesor 1/2 Jornada,
,,,,,,,HONORARIO,,vespertino,,,0,INSTRUCTOR DOCENTE,,
,,,,,,,JORNADA,diurno,vespertino,,,DOCTOR,ASISTENTE REGULAR,Profesor por Jornada,
11057406,Filius,Flitwick,456789016,filius.flitwick@coldmail.com,filius.flitwick@lamejor.com,,HONORARIO,diurno,,BEAUXBATON,HECHICERÍA,MAGISTER,SIN JERARQUIZAR,,
,,,,,,10.0,HONORARIO,diurno,,,,Bachiller,ASISTENTE DOCENTE,,Académico
,,,,,,10.0,HONORARIO,diurno,,,,MAGISTER,,,Académico
,,,,,,10.0,HONORARIO,diurno,vespertino,,,MAGISTER,PROFESOR TITULAR DOCENTE,,Académico
12972527,Seamus,Finnigan,678901244,seamus.finnigan.contreras@coldmail.com,seamus.finnigan.contreras@lamejor.com,,HONORARIO,diurno,,HOGWARTS,MAGIA,MAGISTER,ASOCIADO DOCENTE,,
100,POR,DESIGNAR,,,,,,,,,,MAGISTER,ASISTENTE REGULAR,,
4010,POR,DESIGNAR,,,,,,,,,,,,,
,,,,,,10.0,HONORARIO,diurno,,,,MAGISTER,,,Académico
,,,,,,10.0,HONORARIO,diurno,,,,MAGISTER,,,Académico
,,,,,,10.0,HONORARIO,diurno,vespertino,,,MAGISTER,PROFESORA ASISTENTE DOCENTE,,Académico
,,,,,,,JORNADA,diurno,vespertino,,,DOCTOR,ASISTENTE REGULAR,,
,,,,,,40.0,FULL TIME,diurno,,,,MAGISTER,,,Académico
,,,,,,10.0,HONORARIO,diurno,vespertino,,,LICENCIATURA,PROFESOR TITULAR DOCENTE,,Académico
,,,,,,,JORNADA,diurno,,,,MAGISTER,ASOCIADO DOCENTE,,
,,,,,,40.0,HONORARIO,,vespertino,,,MAGISTER,,,Académico
,,,,,,,JORNADA,diurno,,,,DOCTOR,ASOCIADA REGULAR,Académico Investigador,
,,,,,,40.0,HONORARIO,diurno,vespertino,,,DOCTOR,PROFESOR ASOCIADO REGULAR,,Académico
,,,,,,,HONORARIO,diurno,,,,DOCTORA,ASOCIADA DOCENTE,,Académico
,,,,,,40.0,HONORARIO,diurno,vespertino,,,DOCTOR,,,Académico
,,,,,,10.0,HONORARIO,diurno,,,,MAGISTER,PROFESOR ASISTENTE DOCENTE,,Académico
,,,,,,40.0,FULL TIME,,,,,0,ASOCIADO DOCENTE,Director(a) Carrera (i),Académico
,,,,,,,JORNADA,,,,,0,ASOCIADO DOCENTE,Profesor por Jornada,
,,,,,,,HONORARIO,,,,,,ASISTENTE REGULAR,,Académico
17922276,,,,,,40.0,FULL TIME,,,,,,,Secretaria (o),Administrativo
,,,,,,10.0,HONORARIO,,vespertino,,,LICENCIATURA,PROFESOR ASISTENTE DOCENTE,,Académico
,,,,,,,JORNADA,,,,,0,ASOCIADO DOCENTE,Coordinador Docente y Formación Contin,
7900381,Viktor,Krum,890123467,viktor.krum.duran@yeeha.com,viktor.krum.duran@lamejor.com,,FULL TIME,diurno,,HOGWARTS,MAGIA,MAGISTER,ASOCIADO DOCENTE,Profesor 1/2 Jornada,
,,,,,,10.0,HONORARIO,,,,,,TITULAR DOCENTE,,Académico
,,,,,,,HONORARIO,,,,,,PROFESOR ASOCIADO DOCENTE,,Académico
,,,,,,10.0,HONORARIO,diurno,,,,LICENCIATURA,SIN JERARQUIZAR,,Académico
,,,,,,10.0,HONORARIO,diurno,vespertino,,,MAGISTER,INSTRUCTOR DOCENTE,,Académico
12791816,Xenophilius,Lovegood,456789024,xenophilius.lovegood.gonzalez@coldmail.com,xenophilius.lovegood.gonzalez@lamejor.com,,HONORARIO,,vespertino,HOGWARTS,MAGIA,MAGISTER,ASISTENTE DOCENTE,,
,,,,,,,HONORARIO,diurno,,,,MAGISTER,INSTRUCTOR DOCENTE,,
,,,,,,,HONORARIO,diurno,,,,MAGISTER,,,Académico
14064936,Angelina,Johnson,456789013,angelina.johnson.reyes@yeeha.com,angelina.johnson.reyes@lamejor.com,,HONORARIO,diurno,,BEAUXBATON,MAGIA,LICENCIATURA,SIN JERARQUIZAR,,
,,,,,,,HONORARIO,,,,,,INSTRUCTOR DOCENTE,,Académico
,,,,,,,JORNADA,diurno,vespertino,,,0,ASOCIADO DOCENTE,Director(a) Carrera,
,,,,,,,HONORARIO ,diurno,,,,MAGISTER,,,Académico
111861590,,,,,,40.0,FULL TIME,,,,,,,Secretaria - Escuela,Administrativo
,,,,,,40.0,FULL TIME,diurno,,,,MAGISTER,INSTRUCTOR DOCENTE,,Académico
,,,,,,,JORNADA,diurno,,,,MAGISTER,ASISTENTE REGULAR,Académico Investigador,
7481441,Arthur,Weasley,789012346,arthur.weasley.diaz@yeeha.com,arthur.weasley.diaz@lamejor.com,,FULL TIME,diurno,,,,LICENCIATURA,INSTRUCTOR DOCENTE,Coord. de Clínica ,Académico
,,,,,,,,,,,,,INSTRUCTORA DOCENTE,,
,,,,,,10.0,HONORARIO,diurno,,,,MAGISTER,,,Académico
15647218,Cuthbert,Binns,,cuthbert.binns@yeeha.com,cuthbert.binns@lamejor.com,,,,,,,,,,
,,,,,,10.0,HONORARIO,,,,,,INSTRUCTORA DOCENTE,,Académico
,,,,,,,HONORARIO,diurno,,,,MAGISTER,,,Académico
,,,,,,,HONORARIO,,vespertino,,,MAGISTER,INSTRUCTOR DOCENTE,,
,,,,,,,JORNADA,diurno,vespertino,,,MAGISTER,ASOCIADO DOCENTE,Profesor por Jornada,
,,,,,,10.0,HONORARIO,diurno,,,,LICENCIATURA,,,Académico
21904102,Petunia,Dursley,890123464,petunia.dursley.jeraldo@gmall.com,petunia.dursley.jeraldo@lamejor.com,,HONORARIO,diurno,vespertino,HOGWARTS,MAGIA,MAGISTER,ASISTENTE DOCENTE,,
22336345,Blaise,Zabini,,blaise.zabini.pardo@gmall.com,blaise.zabini.pardo@lamejor.com,,,,,,,,,,
,,,,,,,JORNADA,,vespertino,,,MAGISTER,ASOCIADO DOCENTE,Director(a) Carrera,
,,,,,,10.0,HONORARIO,diurno,,,,LICENCIATURA,PROFESOR TITULAR DOCENTE,,Académico
19164741,David ,Heyman,,,,,,,,,,,,,
,,,,,,,HONORARIO,diurno,,,,MAGISTER,INSTRUCTOR DOCENTE,,
,,,,,,,HONORARIO,,vespertino,,,0,ASISTENTE DOCENTE,,
,,,,,,,HONORARIO,diurno,,,,MAGISTER,INSTRUCTOR DOCENTE,,
14550636,Ginny,Weasley,,ginny.weasley.rojas@gmall.com,ginny.weasley.rojas@lamejor.com,,,,,,,,,,
11055885,James,Potter,,james.potter.cortes@coldmail.com,james.potter.cortes@lamejor.com,,,,,,,,,,
,,,,,,10.0,HONORARIO,diurno,,,,MAGISTER,,,Académico
,,,,,,,,,,,,,INSTRUCTOR DOCENTE,,
,,,,,,,JORNADA,,,,,0,ASISTENTE REGULAR,Profesor por Jornada,
20666086,Marietta,Edgecombe,,marietta.edgecombe@dietz.com,marietta.edgecombe@lamejor,,,,,,,MAGISTER,,,
,,,,,,10.0,HONORARIO,diurno,,,,LICENCIATURA,ASISTENTE DOCENTE,,Académico
,,,,,,40.0,HONORARIO,,,,,,,,Académico
,,,,,,10.0,HONORARIO,diurno,vespertino,,,MAGISTER,PROFESOR ASISTENTE DOCENTE,,Académico
,,,,,,40.0,FULL TIME,diurno,,,,DOCTOR,,,Académico
,,,,,,,HONORARIO,diurno,,,,MAGISTER,ASISTENTE DOCENTE,,
,,,,,,,JORNADA,diurno,,,,MAGISTER,ASISTENTE DOCENTE,Profesor por Jornada,
,,,,,,,JORNADA,diurno,,,,MAGISTER,ASISTENTE DOCENTE,Profesor por Jornada,
,,,,,,,JORNADA,diurno,,,,MAGISTER,ASOCIADA REGULAR,Director (a) Centro de Sol. Colab.de C,
,,,,,,,HONORARIO,,vespertino,,,LICENCIATURA,INSTRUCTOR DOCENTE,,
,,,,,,,HONORARIO,diurno,,,,LICENCIATURA,SIN CONOCIMIENTO,,
,,,,,,,,diurno,,,,LICENCIATURA,INSTRUCTOR DOCENTE,,
7505853,Charity,Burbage,,charity.burbage@coldmail.com,charity.burbage@lamejor.com,,,,,,,,,,
,,,,,,10.0,HONORARIO,,vespertino,,,0,ASISTENTE DOCENTE,,Académico
,,,,,,40.0,HONORARIO,diurno,,,,MAGISTER,PROFESOR ASOCIADO DOCENTE,Director(a) Escuela,Académico
,,,,,,10.0,HONORARIO,diurno,,,,MAGISTER,ASOCIADA DOCENTE,,Académico
7434992,Padma,Patil,456789020,padma.patil.sandoval@coldmail.com,padma.patil.sandoval@lamejor.com,,FULL TIME,diurno,vespertino,HOGWARTS,MAGIA,MAGISTER,TITULAR DOCENTE,,
,,,,,,,HONORARIO,diurno,,,,MAGISTER,INSTRUCTOR DOCENTE,,
,,,,,,,HONORARIO,diurno,,,,MAGISTER,,,Académico
,,,,,,,JORNADA,,,,,,SIN JERARQUIZAR,,
,,,,,,10.0,HONORARIO,,vespertino,,,LICENCIATURA,,,Académico
23116372,Cornelius,Fudge,,cornelius.fudge.avila@yeeha.com,cornelius.fudge.avila@lamejor.com,,,,,,,,,,
,,,,,,,,,,,,,ASOCIADO REGULAR,,
,,,,,,,HONORARIO,diurno,,,,LICENCIATURA,,,Académico
,,,,,,40.0,FULL TIME,diurno,,,,MAGISTER,PROFESORA ASISTENTE REGULAR,Secretaria Ejecutiva del Centro ...,Académico
,,,,,,10.0,HONORARIO,diurno,,,,MAGISTER,,,Académico
,,,,,,,HONORARIO,,,,,MAGISTER,INSTRUCTOR DOCENTE,,
,,,,,,,HONORARIO,diurno,,,,MAGISTER,INSTRUCTOR DOCENTE,,
20354821,Quirinus,Quirrell,567890132,quirinus.quirrell@yeeha.com,quirinus.quirrell@lamejor.com,,FULL TIME,diurno,vespertino,HOGWARTS,MAGIA,,TITULAR DOCENTE,Profesor por Jornada,
,,,,,,,HONORARIO,,,,,,SIN CONOCIMIENTO,,
,,,,,,,HONORARIO,diurno,,,,LICENCIATURA,PROFESOR ASISTENTE DOCENTE,,Académico
,,,,,,,HONORARIO,,,,,,INSTRUCTOR DOCENTE,,
,,,,,,40.0,FULL TIME,,,,,MAGISTER,,,Académico
,,,,,,,HONORARIO,diurno,,,,MAGISTER,SIN JERARQUIZAR,,
,,,,,,10.0,HONORARIO,,,,,,SIN JERARQUIZAR,,Académico
,,,,,,40.0,FULL TIME,diurno,vespertino,,,DOCTOR,PROFESOR ASISTENTE REGULAR,,Académico
12193904,Silvanusn.,Kettleburn,901234577,silvanus.kettleburn@gmall.com,silvanus.kettleburn@lamejor.com,,HONORARIO,,vespertino,HOGWARTS,MAGIA,MAGISTER,ASOCIADO DOCENTE,,
14183901,Terry,Boot,567890134,terry.boot.diaz@coldmail.com,terry.boot.diaz@lamejor.com,,FULL TIME,,vespertino,HOGWARTS,MAGIA,MAGISTER,ASOCIADO DOCENTE,Director Inst. Investigación y Postgra,
,,,,,,,HONORARIO,diurno,,,,LICENCIATURA,TITULAR DOCENTE,,
,,,,,,40.0,FULL TIME,diurno,vespertino,,,0,COMISIÓN SUPERIOR ASOCIADO REGULAR,Director(a) Carrera,Académico
,,,,,,40.0,FULL TIME,diurno,vespertino,,,MAGISTER,PROFESOR TITULAR DOCENTE,,Académico
13475408,Poppy,Pomfrey,234567899,poppy.pomfrey@gmall.com,poppy.pomfrey@lamejor.com,,FULL TIME,,vespertino,HOGWARTS,MAGIA,LICENCIATURA,TITULAR DOCENTE,Profesor por Jornada,
,,,,,,,HONORARIO,diurno,,,,MAGISTER,ASISTENTE DOCENTE,,
,,,,,,40.0,FULL TIME,diurno,vespertino,,,MAGISTER,PROFESOR ASOCIADO DOCENTE,Decano(a),Académico
,,,,,,,HONORARIO,diurno,,,,MAGISTER,INSTRUCTOR,,
15992956,Dolores,Umbridge,,dolores.umbridge@coldmail.com,dolores.umbridge@lamejor.com,,,,,,,LICENCIATURA,,,
,,,,,,10.0,HONORARIO,diurno,,,,MAGISTER,,,Académico
8761982,Helga ,Hufflepuff,,helga.hufflepuff.bozo@coldmail.com,helga.hufflepuff.bozo@lamejor.com,,,,,,,DOCTOR,,,
20638852,Sirius,Black,234567901,sirius.black.esquivel@coldmail.com,sirius.black.esquivel@lamejor.com,,FULL TIME,diurno,,HOGWARTS,MAGIA,MAGISTER,ASOCIADA REGULAR,Director (a) Centro de Sol. Colab.de C,
,,,,,,10.0,HONORARIO,,vespertino,,,0,PROFESOR ASOCIADO DOCENTE,,Académico
12758128,Argus,Filch,678901235,argus.filch@gmall.com,argus.filch@lamejor.com,,HONORARIO,diurno,,BEAUXBATON,,DOCTOR ,ASISTENTE DOCENTE,,
,,,,,,40.0,FULL TIME,diurno,vespertino,,,DOCTOR,PROFESOR ASOCIADO REGULAR,Director Depto. ,Académico
,,,,,,,JORNADA,diurno,,,,MAGISTER,TITULAR DOCENTE,Profesor 1/2 Jornada,
122637826,,,,,,40.0,FULL TIME,,,,,,,Secretaria - Escuela,Administrativo
24009027,Neville,Longbottom,234567898,neville.longbottom.valenzuela@gmall.com,neville.longbottom.valenzuela@lamejor.com,,HONORARIO,diurno,vespertino,HOGWARTS,MAGIA,MAGISTER,INSTRUCTOR DOCENTE,,
,,,,,,,HONORARIO,diurno,vespertino,,,LICENCIATURA,TITULAR DOCENTE,,
,,,,,,,HONORARIO,diurno,,,,MAGISTER,COMISIÓN SUPERIOR ASOCIADA DOCENTE,,Académico
,,,,,,10.0,HONORARIO,diurno,,,,MAGISTER,INSTRUCTOR DOCENTE,,Académico
,,,,,,,HONORARIO,diurno,,,,MAGISTER,SIN JERARQUIZAR,,
,,,,,,10.0,,diurno,,,,MAGISTER,SIN JERARQUIZAR,,Académico
,,,,,,40.0,FULL TIME,,,,,0,PROFESOR ASISTENTE DOCENTE,,Académico
,,,,,,10.0,HONORARIO,diurno,vespertino,,,MAGISTER,INSTRUCTOR DOCENTE,,Académico
,,,,,,,HONORARIO,,vespertino,,,MAGISTER,PROFESOR ASOCIADO DOCENTE,,Académico
,,,,,,10.0,HONORARIO,,vespertino,,,0,INSTRUCTOR DOCENTE,,Académico
,,,,,,,HONORARIO,,,,,,ASOCIADA DOCENTE,,
16901248,Hermione,Granger,890123461,hermione.granger.benavides@coldmail.com,hermione.granger.benavides@lamejor.com,,HONORARIO,diurno,,BEAUXBATON, HECHICERÍA,DOCTOR,ASOCIADA DOCENTE,,
21713351,Cormac,McLaggen,890123458,cormac.mclaggen@valenzuela.com,cormac.mclaggen@lamejor,,HONORARIO,diurno,,,,MAGISTER,ASISTENTE DOCENTE,,
,,,,,,,JORNADA,diurno,vespertino,,,MAGISTER,ASISTENTE DOCENTE,Coord. de Seguimiento y Apoyo al Egres,
,,,,,,,HONORARIO,diurno,vespertino,,,0,PROFESOR ASISTENTE DOCENTE,,Académico
,,,,,,10.0,HONORARIO,diurno,,,,MAGISTER,SIN JERARQUIZAR,,Académico
,,,,,,10.0,HONORARIO,,vespertino,,,MAGISTER,COMISIÓN SUPERIOR ASOCIADO DOCENTE,,Académico
,,,,,,,HONORARIO,,,,,,INSTRUCTORA DOCENTE,,Académico
,,,,,,20.0,FULL TIME,diurno,,,,MAGISTER,PROFESOR TITULAR DOCENTE,,Académico
15155275,Pansy,Parkinson,567890131,pansy.parkinson.larroucau@coldmail.com,pansy.parkinson.larroucau@lamejor.com,,FULL TIME,,vespertino,HOGWARTS,MAGIA,MAGISTER,INSTRUCTOR DOCENTE,,
12866079,Colin,Creevey,,colin.creevey.bermudez@gmall.com,colin.creevey.bermudez@lamejor.com,,,,,,,,,,
,,,,,,,HONORARIO,diurno,vespertino,,,MAGISTER,ASISTENTE DOCENTE,,
,,,,,,,HONORARIO,diurno,,,,DOCTOR ,ASISTENTE DOCENTE,,Académico
123712616,,,,,,40.0,FULL TIME,,,,,,,Secretaria (o),Administrativo
,,,,,,10.0,HONORARIO,,,,,,,,Académico
12273600,Alastor,PITURRA ,,alastor.piturra@yeeha.com,alastor.moody@lamejor.com,,,,,,,,,,
,,,,,,10.0,,diurno,,,,MAGISTER,INSTRUCTOR DOCENTE,,Académico
,,,,,,,HONORARIO,,,,,,INSTRUCTORA DOCENTE,,Académico
,,,,,,10.0,HONORARIO,diurno,,,,MAGISTER,PROFESOR ASISTENTE DOCENTE,,Académico
,,,,,,40.0,FULL TIME,diurno,,,,MAGISTER,PROFESORA ASISTENTE DOCENTE,Director(a) Carrera,Académico
,,,,,,,JORNADA,,,,,0,TITULAR REGULAR,Académico Investigador,
,,,,,,40.0,FULL TIME,diurno,vespertino,,,MAGISTER,PROFESOR ASOCIADO DOCENTE,,Académico
,,,,,,,HONORARIO,diurno,,,,LICENCIATURA,TITULAR REGULAR,,
,,,,,,10.0,HONORARIO,,vespertino,,,MAGISTER,PROFESOR ASOCIADO DOCENTE,,Académico
,,,,,,40.0,FULL TIME,diurno,,,,MAGISTER,ASISTENTE REGULAR,Académico Investigador,Académico
,,,,,,,HONORARIO,diurno,,,,LICENCIATURA,INSTRUCTOR DOCENTE,,Académico
,,,,,,,JORNADA,,vespertino,,,DOCTOR,ASISTENTE REGULAR,Director de  Área,academico
22890939,Alfonso ,Cuarón,,,,,,,,,,,,,
,,,,,,,,diurno,,,,MAGISTER,ASISTENTE REGULAR,,
,,,,,,,HONORARIO,diurno,,,,MAGISTER,ASISTENTE DOCENTE,,
,,,,,,40.0,FUL TIME,diurno,,,,LICENCIATURA,INSTRUCTOR REGULAR,Coordinador (a) Postgrados,Académico
12w238470,,,,,,40.0,FULL TIME,,,,,,,Secretaria (o),Administrativo
,,,,,,,HONORARIO,diurno,,,,MAGISTER,ASISTENTE DOCENTE,,
,,,,,,,HONORARIO,diurno,,,,MAGISTER ,INSTRUCTORA DOCENTE,,Académico
9909814,Hannah,Abbott,567890128,hannah.abbott@viana.com,hannah.abbott@@lamejor,,HONORARIO,,,BEAUXBATON,HECHICERÍA,MAGISTER,INSTRUCTOR DOCENTE,,
,,,,,,,HONORARIO,diurno,,,,MAGISTER,INSTRUCTOR DOCENTE,,
,,,,,,,JORNADA,diurno,vespertino,,,MAGISTER,ASOCIADO DOCENTE,Profesor por Jornada,
,,,,,,10.0,HONORARIO,diurno,vespertino,,,LICENCIATURA,INSTRUCTOR DOCENTE,,Académico
12712137,Katie,Bell,,katie.bell.aguirre@coldmail.com,katie.bell.aguirre@lamejor.com,,,,,,,,,,
,,,,,,10.0,HONORARIO,diurno,,,,MAGISTER,,,Académico
,,,,,,40.0,FULL TIME,diurno,,,,MAGISTER,,Coord. de Clínica ,Académico
,,,,,,,HONORARIO,diurno,,,,MAGISTER,ASOCIADA DOCENTE,,
14079731,Pomona,Sprout,,pomona.sprout@coldmail.com,pomona.sprout@lamejor.com,,,,,,,,,,
,,,,,,,HONORARIO,,,,,,INSTRUCTOR DOCENTE,,
,,,,,,10.0,HONORARIO,diurno,,,,MAGISTER,,,Académico
10778699,LAMAS,BELLA,,lamas.bella.delmundo@yeeha.com,lamas.bella.delmundo@lamejor.com,120.0,DOUBLE  TIME,diurno,vespertino,TODAS,HECHICERÍA,MAGISTER,ASISTENTE DOCENTE,VICEDECANA,Académico
11682760,Amycus,Carrow,,amycus.carrow@yeeha.com,amycus.carrow@lamejor.com,,,diurno,vespertino,,,,,,
,,,,,,10.0,HONORARIO,diurno,,,,MAGISTER,,,Académico
,,,,,,,JORNADA,diurno,vespertino,,,DOCTOR,ASOCIADO REGULAR,Director Depto,academico
24496460,Parvati,Patil,678901242,parvati.patil.pardo@yeeha.com,parvati.patil.pardo@lamejor.com,,HONORARIO,diurno,vespertino,HOGWARTS,MAGIA,LICENCIATURA,ASOCIADO DOCENTE,,
,,,,,,10.0,HONORARIO,diurno,,,,MAGISTER,,,Académico
,,,,,,,HONORARIO,diurno,vespertino,,,MAGISTER,PROFESOR ASISTENTE DOCENTE,,Académico
19690944,Lavender,Brown,,lavender.brown@torralbo.com,lavender.brown@lamejor,,,,,,,,,,
,,,,,,40.0,FULL TIME,diurno,vespertino,,,DOCTOR,,Académico Investigador,Académico
,,,,,,,JORNADA,diurno,vespertino,,,MAGISTER,ASOCIADO DOCENTE,Decano(a),
,,,,,,,JORNADA,diurno,,,,LICENCIATURA,INSTRUCTOR DOCENTE,Director Clínica ,academico
19465195,Theodore,Nott,678901245,theodore.nott.plaza@gmall.com,theodore.nott.plaza@lamejor.com,,HONORARIO,diurno,,HOGWARTS,MAGIA,LICENCIATURA,INSTRUCTOR DOCENTE,,
19525663,Susan,Bones,345678912,susan.bones@poncedeleon.com,susan.bones@@lamejor,,HONORARIO,diurno,vespertino,HOGWARTS,MAGIA,MAGISTER,ASISTENTE DOCENTE,,
,,,,,,40.0,FULL TIME,,,,,0,PROFESOR ASOCIADO DOCENTE,,Académico
,,,,,,10.0,HONORARIO,diurno,,,,MAGISTER,,,Académico
,,,,,,,HONORARIO,,,,,,INSTRUCTORA DOCENTE,,
,,,,,,40.0,FULL TIME,diurno,vespertino,,,MAGISTER,,Secretario(a) Estudios,Académico
123712616,,,,,,40.0,FULL TIME,,,,,,,Secretaria - Escuela,Administrativo
13567862,Dean,Thomas,456789015,dean.thomas.basaez@yeeha.com,dean.thomas.basaez@lamejor.com,,HONORARIO,diurno,,,,MAGISTER,INSTRUCTOR DOCENTE,,
19028250,Kingsley,Shacklebolt,,kingsley.shacklebolt.perez@gmall.com,kingsley.shacklebolt.perez@lamejor.com,,,,,,,,,,
,,,,,,10.0,HONORARIO,diurno,,,,MAGISTER,,,Académico
,,,,,,,JORNADA,diurno,,,,MAGISTER,ASOCIADO DOCENTE,Director(a) Escuela,
,,,,,,10.0,HONORARIO,,vespertino,,,MAGISTER,PROFESOR ASISTENTE DOCENTE,,Académico
20537459,Alastor,Moody,678901234,alastor.moody.munita@coldmail.com,alastor.moody.munita@lamejor.com,,HONORARIO,diurno,,,,MAGISTER,INSTRUCTOR DOCENTE,Profesor por Jornada,
,,,,,,40.0,FULL TIME,diurno,,,,MAGISTER,,,Académico
,,,,,,10.0,HONORARIO,diurno,,,,MAGISTER,PROFESOR ASISTENTE DOCENTE,,Académico
,,,,,,,HONORARIO,,vespertino,,,MAGISTER,ASOCIADO DOCENTE,,
,,,,,,40.0,FULL TIME,diurno,vespertino,,,MAGISTER,PROFESOR ASISTENTE REGULAR,,Académico
,,,,,,10.0,HONORARIO,diurno,,,,MAGISTER,ASISTENTE DOCENTE,,Académico
24441914,Gregory,Goyle,,gregory.goyle.brochet@yeeha.com,gregory.goyle.brochet@lamejor.com,,,,,,,,,,
,,,,,,10.0,HONORARIO,,vespertino,,,MAGISTER,,,Académico
,,,,,,40.0,FULL TIME,diurno,,,,MAGISTER,ASOCIADO REGULAR,Académico Investigador,Académico
20811745,Wilhelminan.,Grubbly-Plank,345678913,wilhelmina.grubblyplank@gmall.com,wilhelmina.grubblyplank@lamejor.com,,HONORARIO,diurno,,HOGWARTS,MAGIA,MAGISTER,ASISTENTE DOCENTE,,
,,,,,,10.0,HONORARIO,,,,,,PROFESORA ASISTENTE DOCENTE,,Académico
,,,,,,,HONORARIO,,vespertino,,,0,ASISTENTE DOCENTE,,
,,,,,,40.0,FULL TIME,,vespertino,,,DOCTOR,ASISTENTE REGULAR,Coordinador de Investigacion,Académico
,,,,,,10.0,HONORARIO,diurno,,,,MAGISTER,,,Académico
,,,,,,,HONORARIO,diurno,vespertino,,,MAGISTER,,,Académico
,,,,,,40.0,FULL TIME,,,,,0,PROFESORA ASISTENTE REGULAR,,Académico
,,,,,,40.0,FULL TIME,,,,,,,Secretaria - Escuela,Administrativo
6012,DESIGNAR,POR,,,,,,,,,,DOCTORA,INSTRUCTOR DOCENTE,Profesor por Jornada,
,,,,,,,HONORARIO,diurno,,,,MAGISTER,ASISTENTE DOCENTE,,
23116742,Dolores,Umbridge,789012348,dolores.umbridge.baquerizo@coldmail.com,dolores.umbridge.baquerizo@lamejor.com,,HONORARIO,diurno,,,,LICENCIATURA,INSTRUCTOR DOCENTE,,
,,,,,,,HONORARIO,diurno,,,,MAGISTER,INSTRUCTOR DOCENTE,,
,,,,,,,HONORARIO,diurno,,,,LICENCIATURA,,,Académico
20364718,Rolanda,Hooch,890123465,rolanda.hooch@coldmail.com,rolanda.hooch@lamejor.com,,FULL TIME,,,HOGWARTS,MAGIA,,ASOCIADO DOCENTE,Director(a) Carrera (i),
,,,,,,,HONORARIO,,vespertino,,,MAGISTER,PROFESOR ASISTENTE DOCENTE,,Académico
,,,,,,10.0,HONORARIO,diurno,,,,MAGISTER,,,Académico
,,,,,,40.0,HONORARIO,diurno,,,,MAGISTER,,,Académico
,,,,,,,JORNADA,diurno,,,,DOCTORA,ASOCIADA DOCENTE,Profesor 1/2 Jornada,
,,,,,,40.0,FULL TIME,diurno,vespertino,,,DOCTOR,PROFESOR ASISTENTE DOCENTE,Director (a) Formación Cont. y Postgra,Académico
,,,,,,40.0,FULL TIME,diurno,vespertino,,,LICENCIATURA,INSTRUCTORA DOCENTE,Secretaria Estudios,Académico
,,,,,,10.0,HONORARIO,diurno,,,,MAGISTER,,,Académico
,,,,,,,HONORARIO,diurno,,,,MAGISTER,ASISTENTE DOCENTE,,
,,,,,,10.0,HONORARIO,,,,,,PROFESORA ASISTENTE DOCENTE,,Académico
17754798,Draco,Malfoy,901234570,draco.malfoy.yanez@gmall.com,draco.malfoy.yanez@lamejor.com,,HONORARIO,diurno,,,,MAGISTER,ASOCIADA DOCENTE,,
22671518,Mike ,Newell,,,,,,,,,,,,,
10693674,Percy,Weasley,789012353,percy.weasley.silva@coldmail.com,percy.weasley.silva@lamejor.com,,HONORARIO,diurno,vespertino,HOGWARTS,MAGIA,LICENCIATURA,TITULAR DOCENTE,,
,,,,,,40.0,FULL TIME,,,,,0,PROFESOR ASISTENTE REGULAR,,Académico
9017415,Albus,Dumbledore,890123456,albus.dumbledore@coldmail.com,albus.dumbledore@lamejor.com,,FULL TIME,diurno,,,,DOCTOR,ASISTENTE DOCENTE,Director(a) Carrera,
,,,,,,40.0,FULL TIME,,vespertino,,,DOCTOR,ASISTENTE REGULAR,Director del  Área,Académico
,,,,,,10.0,HONORARIO,diurno,,,,MAGISTER,INSTRUCTOR DOCENTE,,Académico
,,,,,,10.0,HONORARIO,,,,,,ASISTENTE DOCENTE,,Académico
,,,,,,,HONORARIO,,,,,,INSTRUCTOR DOCENTE,,Académico
,,,,,,,HONORARIO,diurno,,,,MAGISTER,ASOCIADA DOCENTE,,
,,,,,,,HONORARIO,diurno,,,,MAGISTER,ASISTENTE DOCENTE,,
,,,,,,,HONORARIO,diurno,,,,MAGISTER,ASISTENTE DOCENTE,,
12949268,Molly,Weasley,890123463,molly.weasley.robles@gmall.com,molly.weasley.robles@lamejor.com,,FULL TIME,diurno,vespertino,HOGWARTS,MAGIA,BACHILLER,ASOCIADO REGULAR,Secretario(a) Estudios,
,,,,,,,HONORARIO,diurno,,,,MAGISTER,SIN JERARQUIZAR,,
19609585,Anthony,Goldstein,567890124,anthony.goldstein.contreras@gmall.com,anthony.goldstein.contreras@lamejor.com,,HONORARIO,diurno,,,,MAGISTER ,ASOCIADA DOCENTE,,
,,,,,,,HONORARIO,,vespertino,,,LICENCIATURA,ASISTENTE DOCENTE,,
,,,,,,,HONORARIO,diurno,,,,MAGISTER,SIN JERARQUIZAR,,
16462378,Cho,Chang,,cho.chang.gallo@coldmail.com,cho.chang.gallo@lamejor.com,,,,,,,,,,
,,,,,,,HONORARIO,diurno,,,,LICENCIATURA,INSTRUCTOR DOCENTE,,Académico
,,,,,,10.0,HONORARIO,diurno,,,,LICENCIATURA,,,Académico
23184735,Severus,Snape,890123466,severus.snape@yeeha.com,severus.snape@lamejor.com,,FULL TIME,diurno,vespertino,HOGWARTS,MAGIA,MAGISTER,ASISTENTE DOCENTE,Director (a) Formación Cont. y Postgra,
19406721,Sybill,Trelawney,456789023,sybill.trelawney@gmall.com,sybill.trelawney@lamejor.com,,HONORARIO,diurno,,HOGWARTS,MAGIA,MAGISTER,ASISTENTE DOCENTE,,
,,,,,,,HONORARIO,diurno,,,,MAGISTER,,,Académico
,,,,,,,JORNADA,diurno,,,,MAGISTER,INSTRUCTOR DOCENTE,Coord. de Clínica ,Académico
,,,,,,,HONORARIO,,vespertino,,,0,ASOCIADO DOCENTE,,
,,,,,,,HONORARIO,,,,,,TITULAR DOCENTE,,
,,,,,,,HONORARIO,,,,,,ASISTENTE DOCENTE,,
,,,,,,,HONORARIO,diurno,,,,MAGISTER,SIN JERARQUIZAR,,
24719317,Lucius,Malfoy,345678908,lucius.malfoy.aguilera@yeeha.com,lucius.malfoy.aguilera@lamejor.com,,HONORARIO,diurno,,HOGWARTS,MAGIA,MAGISTER,ASISTENTE DOCENTE,,
,,,,,,40.0,FULL TIME,diurno,vespertino,,,DOCTOR,ASOCIADO REGULAR,Académico Investigador,Académico
,,,,,,,HONORARIO,diurno,,,,MAGISTER,INSTRUCTOR DOCENTE,,
23156352,Oliver,Wood,345678909,oliver.wood.fuentes@gmall.com,oliver.wood.fuentes@lamejor.com,,FULL TIME,diurno,vespertino,HOGWARTS,MAGIA,MAGISTER,ASOCIADO DOCENTE,Profesor por Jornada,
,,,,,,,HONORARIO,diurno,,,,LICENCIATURA,INSTRUCTOR DOCENTE,,
,,,,,,10.0,HONORARIO,diurno,vespertino,,,LICENCIATURA,SIN JERARQUIZAR,,Académico
,,,,,,10.0,HONORARIO,diurno,,,,MAGISTER,INSTRUCTOR DOCENTE,,Académico
13645935,Horace,Slughorn,,horace.slughorn@gmall.com,horace.slughorn@lamejor.com,,,,,,,,,,
21982013,Rowena, Ravenclaw,234567900,rowena.ravenclaw.vargas@gmall.com,rowena.ravenclaw.vargas@lamejor.com,,HONORARIO,,vespertino,HOGWARTS,MAGIA,MAGISTER,ASISTENTE DOCENTE,,
,,,,,,40.0,FULL TIME,,nocturno,,,DOCTOR,PROFESOR ASOCIADO DOCENTE,Director Inst. Investigación y Postgra,Académico
22125739,Ron,Weasley,901234576,ron.weasley.irarrazabal@gmall.com,ron.weasley.irarrazabal@lamejor.com,,FULL TIME,diurno,,HOGWARTS,MAGIA,,INSTRUCTOR DOCENTE,Director Clínica ,academico
,,,,,,,JORNADA,diurno,vespertino,,,DOCTOR,ASOCIADO REGULAR,Académico Investigador,
,,,,,,10.0,HONORARIO,diurno,,,,MAGISTER,,,Académico
,,,,,,,JORNADA,,vespertino,,,DOCTOR,ASISTENTE REGULAR,Coordinador de Investigacion,
25090138,Lily,Potter,234567897,lily.potter.aspillaga@coldmail.com,lily.potter.aspillaga@lamejor.com,,HONORARIO,diurno,vespertino,HOGWARTS,MAGIA,MAGISTER,TITULAR DOCENTE,Profesor,
,,,,,,,JORNADA,diurno,vespertino,,,MAGISTER,ASOCIADO DOCENTE,Profesor por Jornada,
,,,,,,,HONORARIO,,vespertino,,,MAGISTER,ASISTENTE DOCENTE,,
,,,,,,40.0,FULL TIME,,,,,0,PROFESOR ASISTENTE DOCENTE,Coordinador Docente y Formación Contin,Académico
,,,,,,,HONORARIO,,,,,,INSTRUCTORA DOCENTE,,Académico
,,,,,,,JORNADA,diurno,,,,LICENCIATURA,INSTRUCTOR REGULAR,Coordinador (a) Postgrados,
,,,,,,,HONORARIO,,,,,,INSTRUCTOR DOCENTE,,
,,,,,,10.0,HONORARIO,,,,,,INSTRUCTOR DOCENTE,,Académico
,,,,,,,HONORARIO,diurno,vespertino,,,MAGISTER,INSTRUCTOR DOCENTE,,
16563364,Zacharias,Smith,567890135,zacharias.smith@yeeha.com,zacharias.smith@lamejor.com,,HONORARIO,diurno,,HOGWARTS,MAGIA,MAGISTER,INSTRUCTOR DOCENTE,,
9734595,Alicia,Spinnet,,alicia.spinnet.bascunan@gmall.com,alicia.spinnet.bascunan@lamejor.com,,,,,,,,,,
,,,,,,,HONORARIO,diurno,,,,MAGISTER,,,Académico
,,,,,,40.0,FULL TIME,diurno,vespertino,,,MAGISTER,PROFESOR ASISTENTE DOCENTE,Coord. de Seguimiento y Apoyo al Egres,Académico
,,,,,,,HONORARIO,,vespertino,,,MAGISTER,ASISTENTE DOCENTE,,
,,,,,,,HONORARIO,diurno,,,,LICENCIATURA,TITULAR DOCENTE,,
,,,,,,40.0,,,,,,,,Asistente de Titulos y Grados,Administrativo
18231420,David ,Yates,345678910,,,,HONORARIO,diurno,,HOGWARTS,MAGIA,MAGISTER,INSTRUCTOR DOCENTE,,
,,,,,,40.0,FULL TIME,diurno,vespertino,,,DOCTOR,TITULAR DOCENTE,Académico Investigador,Académico
,,,,,,,JORNADA,diurno,vespertino,,,DOCTOR,ASOCIADO REGULAR,,
,,,,,,,JORNADA,diurno,vespertino,,,MAGISTER,ASISTENTE REGULAR,Profesor por Jornada,
,,,,,,10.0,,diurno,,,,MAGISTER,,,Académico
14793687,George,Weasley,,george.weasley.valdivia@yeeha.com,george.weasley.valdivia@lamejor.com,,,,,,,,,,
,,,,,,,,,,,,,INSTRUCTORA DOCENTE,,
,,,,,,10.0,HONORARIO,diurno,,,,LICENCIATURA,,,Académico
,,,,,,,JORNADA,diurno,,,,MAGISTER,ASOCIADO DOCENTE,Director(a) Carrera (i),
,,,,,,10.0,HONORARIO,diurno,,,,MAGISTER,,,Académico
,,,,,,,JORNADA,diurno,,,,MAGISTER,ASOCIADO DOCENTE,Profesor 1/2 Jornada,
,,,,,,,HONORARIO,,,,,,,,Académico
17333138,Aurora,Sinistra,,aurora.sinistra@coldmail.com,aurora.sinistra@lamejor.com,,,,,,,,,,
15358632,Fred,Weasley,,fred.weasley.marti@gmall.com,fred.weasley.marti@lamejor.com,,,,,,,,,,
,,,,,,,HONORARIO,diurno,,,,MAGISTER,ASOCIADO DOCENTE,,
,,,,,,40.0,FULL TIME,,vespertino,,,MAGISTER,,,Académico
,,,,,,10.0,HONORARIO,,vespertino,,,LICENCIATURA,PROFESOR ASISTENTE DOCENTE,,Académico
,,,,,,10.0,HONORARIO,,,,,,ASOCIADA DOCENTE,,Académico
,,,,,,,HONORARIO,diurno,,,,LICENCIATURA,ASISTENTE DOCENTE,,
,,,,,,10.0,HONORARIO,,vespertino,,,0,,,Académico
,,,,,,20.0,FULL TIME,diurno,,,,DOCTORA,COMISIÓN SUPERIOR ASOCIADA DOCENTE,,Académico
,,,,,,10.0,HONORARIO,,vespertino,,,MAGISTER,PROFESOR ASISTENTE DOCENTE,,Académico
,,,,,,10.0,HONORARIO,diurno,,,,MAGISTER,,,Académico
22630533,Alecto,Carrow,901234567,alecto.carrow@gmall.com,alecto.carrow@lamejor.com,,HONORARIO,diurno,,,,LICENCIATURA,ASISTENTE DOCENTE,,
20454143,Cedric,Diggory,456789014,cedric.diggory.diaz@yeeha.com,cedric.diggory.diaz@lamejor.com,,HONORARIO,diurno,,,,MAGISTER,INSTRUCTOR DOCENTE,,
13185805,Godric ,Gryffindor,,godric.gryffindor.stippel@yeeha.com,godric.gryffindor.stippel@lamejor.com,,,,,,,,,,
,,,,,,40.0,FULL TIME,diurno,vespertino,,,MAGISTER,PROFESOR ASOCIADO DOCENTE,,Académico
16185180,Michael,Corner,678901241,michael.corner.vargas@yeeha.com,michael.corner.vargas@lamejor.com,,FULL TIME,diurno,vespertino,HOGWARTS,MAGIA,MAGISTER,ASOCIADO DOCENTE,Director(a) Carrera,
,,,,,,10.0,HONORARIO,,,,,,INSTRUCTOR DOCENTE,,Académico
10300778,Rubeus,Hagrid,345678911,rubeus.hagrid@yeeha.com,rubeus.hagrid@lamejor.com,,HONORARIO,diurno,vespertino,HOGWARTS,MAGIA,MAGISTER,TITULAR DOCENTE,,
,,,,,,10.0,HONORARIO,,,,,,,,Académico
11822639,Salazar ,Slytherin,567890133,salazar.slytherin.avila@yeeha.com,salazar.slytherin.avila@lamejor.com,,HONORARIO,,vespertino,HOGWARTS,MAGIA,MAGISTER,ASOCIADO DOCENTE,,
,,,,,,,,,,,,,INSTRUCTORA DOCENTE,,
,,,,,,10.0,HONORARIO,diurno,,,,MAGISTER,SIN JERARQUIZAR,,Académico
16386516,Bathsheda,Babbling,,bathsheda.babbling@gmall.com,bathsheda.babbling@lamejor.com,,,,,,,,,,
,,,,,,40.0,FULL TIME,,,,,0,PROFESOR ASISTENTE DOCENTE,,Académico
,,,,,,10.0,HONORARIO,,,,,,SIN JERARQUIZAR,,Académico
,,,,,,,HONORARIO,,vespertino,,,LICENCIATURA,INSTRUCTOR DOCENTE,,
22219383,Chris ,Columbus,,,,,,,,,,,,,
,,,,,,,HONORARIO,diurno,,,,LICENCIATURA,TITULAR DOCENTE,,
,,,,,,,HONORARIO,,vespertino,,,MAGISTER,ASISTENTE DOCENTE,,
,,,,,,10.0,HONORARIO,diurno,vespertino,,,LICENCIATURA,PROFESOR ASOCIADO DOCENTE,,Académico
,,,,,,10.0,HONORARIO,diurno,,,,MAGISTER,PROFESOR ASOCIADO DOCENTE,,Académico
,,,,,,10.0,HONORARIO,diurno,,,,MAGISTER,SIN JERARQUIZAR,,Académico
,,,,,,40.0,,,,,,,,Coord. de Seguimiento y Apoyo al Egresad,Académico
,,,,,,,JORNADA,diurno,vespertino,,,LICENCIATURA,INSTRUCTOR DOCENTE,,
,,,,,,0.0,FULL TIME,,,,,PROFESOR ASOCIADO REGULAR,,Académico Investigador,Académico
24120738,Narcissa,Malfoy,,narcissa.malfoy.ramirez@coldmail.com,narcissa.malfoy.ramirez@lamejor.com,,,,,,,,,,
,,,,,,40.0,FULL TIME,,vespertino,,,MAGISTER,PROFESOR ASOCIADO DOCENTE,Director(a) Carrera,Académico
,,,,,,10.0,HONORARIO,,,,,,PROFESOR ASISTENTE DOCENTE,,Académico
,,,,,,,HONORARIO,,,,,,SIN CONOCIMIENTO,,